{"displayFieldName":"","fieldAliases":{"FID":"FID","id":"id","kode_provi":"kode_provi","nama_provi":"nama_provi","kode_kabup":"kode_kabup","nama_kabup":"nama_kabup","jenis_peny":"jenis_peny","jumlah_kas":"jumlah_kas","satuan":"satuan","tahun":"tahun","latitude":"latitude","longitude":"longitude"},"geometryType":"esriGeometryPoint","spatialReference":{"wkid":4326,"latestWkid":4326},"fields":[{"name":"FID","type":"esriFieldTypeOID","alias":"FID"},{"name":"id","type":"esriFieldTypeInteger","alias":"id"},{"name":"kode_provi","type":"esriFieldTypeInteger","alias":"kode_provi"},{"name":"nama_provi","type":"esriFieldTypeString","alias":"nama_provi","length":254},{"name":"kode_kabup","type":"esriFieldTypeInteger","alias":"kode_kabup"},{"name":"nama_kabup","type":"esriFieldTypeString","alias":"nama_kabup","length":254},{"name":"jenis_peny","type":"esriFieldTypeString","alias":"jenis_peny","length":254},{"name":"jumlah_kas","type":"esriFieldTypeInteger","alias":"jumlah_kas"},{"name":"satuan","type":"esriFieldTypeString","alias":"satuan","length":254},{"name":"tahun","type":"esriFieldTypeInteger","alias":"tahun"},{"name":"latitude","type":"esriFieldTypeDouble","alias":"latitude"},{"name":"longitude","type":"esriFieldTypeDouble","alias":"longitude"}],"features":[{"attributes":{"FID":0,"id":4,"kode_provi":32,"nama_provi":"JAWA BARAT","kode_kabup":3201,"nama_kabup":"KABUPATEN BOGOR","jenis_peny":"KUSTA","jumlah_kas":340,"satuan":"KASUS","tahun":2019,"latitude":-6.479679,"longitude":106.82496500000001},"geometry":{"x":106.82496500000001,"y":-6.479679}},{"attributes":{"FID":1,"id":13,"kode_provi":32,"nama_provi":"JAWA BARAT","kode_kabup":3202,"nama_kabup":"KABUPATEN SUKABUMI","jenis_peny":"KUSTA","jumlah_kas":39,"satuan":"KASUS","tahun":2019,"latitude":-6.9157270000000004,"longitude":106.932576},"geometry":{"x":106.932576,"y":-6.9157270000000004}},{"attributes":{"FID":2,"id":22,"kode_provi":32,"nama_provi":"JAWA BARAT","kode_kabup":3203,"nama_kabup":"KABUPATEN CIANJUR","jenis_peny":"KUSTA","jumlah_kas":26,"satuan":"KASUS","tahun":2019,"latitude":-6.8225579999999999,"longitude":107.13954200000001},"geometry":{"x":107.13954200000001,"y":-6.8225579999999999}},{"attributes":{"FID":3,"id":31,"kode_provi":32,"nama_provi":"JAWA BARAT","kode_kabup":3204,"nama_kabup":"KABUPATEN BANDUNG","jenis_peny":"KUSTA","jumlah_kas":5,"satuan":"KASUS","tahun":2019,"latitude":-7.0128510000000004,"longitude":107.528627},"geometry":{"x":107.528627,"y":-7.0128510000000004}},{"attributes":{"FID":4,"id":40,"kode_provi":32,"nama_provi":"JAWA BARAT","kode_kabup":3205,"nama_kabup":"KABUPATEN GARUT","jenis_peny":"KUSTA","jumlah_kas":18,"satuan":"KASUS","tahun":2019,"latitude":-7.2029880000000004,"longitude":107.885592},"geometry":{"x":107.885592,"y":-7.2029880000000004}},{"attributes":{"FID":5,"id":49,"kode_provi":32,"nama_provi":"JAWA BARAT","kode_kabup":3206,"nama_kabup":"KABUPATEN TASIKMALAYA","jenis_peny":"KUSTA","jumlah_kas":0,"satuan":"KASUS","tahun":2019,"latitude":-7.3612120000000001,"longitude":108.112488},"geometry":{"x":108.112488,"y":-7.3612120000000001}},{"attributes":{"FID":6,"id":58,"kode_provi":32,"nama_provi":"JAWA BARAT","kode_kabup":3207,"nama_kabup":"KABUPATEN CIAMIS","jenis_peny":"KUSTA","jumlah_kas":13,"satuan":"KASUS","tahun":2019,"latitude":-7.3257880000000002,"longitude":108.3514},"geometry":{"x":108.3514,"y":-7.3257880000000002}},{"attributes":{"FID":7,"id":67,"kode_provi":32,"nama_provi":"JAWA BARAT","kode_kabup":3208,"nama_kabup":"KABUPATEN KUNINGAN","jenis_peny":"KUSTA","jumlah_kas":80,"satuan":"KASUS","tahun":2019,"latitude":-6.9762329999999997,"longitude":108.48298200000001},"geometry":{"x":108.48298200000001,"y":-6.9762329999999997}},{"attributes":{"FID":8,"id":76,"kode_provi":32,"nama_provi":"JAWA BARAT","kode_kabup":3209,"nama_kabup":"KABUPATEN CIREBON","jenis_peny":"KUSTA","jumlah_kas":228,"satuan":"KASUS","tahun":2019,"latitude":-6.764507,"longitude":108.478858},"geometry":{"x":108.478858,"y":-6.764507}},{"attributes":{"FID":9,"id":85,"kode_provi":32,"nama_provi":"JAWA BARAT","kode_kabup":3210,"nama_kabup":"KABUPATEN MAJALENGKA","jenis_peny":"KUSTA","jumlah_kas":39,"satuan":"KASUS","tahun":2019,"latitude":-6.8365309999999999,"longitude":108.22787599999999},"geometry":{"x":108.22787599999999,"y":-6.8365309999999999}},{"attributes":{"FID":10,"id":94,"kode_provi":32,"nama_provi":"JAWA BARAT","kode_kabup":3211,"nama_kabup":"KABUPATEN SUMEDANG","jenis_peny":"KUSTA","jumlah_kas":6,"satuan":"KASUS","tahun":2019,"latitude":-6.8611259999999996,"longitude":107.920102},"geometry":{"x":107.920102,"y":-6.8611259999999996}},{"attributes":{"FID":11,"id":103,"kode_provi":32,"nama_provi":"JAWA BARAT","kode_kabup":3212,"nama_kabup":"KABUPATEN INDRAMAYU","jenis_peny":"KUSTA","jumlah_kas":211,"satuan":"KASUS","tahun":2019,"latitude":-6.3272339999999998,"longitude":108.322903},"geometry":{"x":108.322903,"y":-6.3272339999999998}},{"attributes":{"FID":12,"id":112,"kode_provi":32,"nama_provi":"JAWA BARAT","kode_kabup":3213,"nama_kabup":"KABUPATEN SUBANG","jenis_peny":"KUSTA","jumlah_kas":171,"satuan":"KASUS","tahun":2019,"latitude":-6.5715490000000001,"longitude":107.762495},"geometry":{"x":107.762495,"y":-6.5715490000000001}},{"attributes":{"FID":13,"id":121,"kode_provi":32,"nama_provi":"JAWA BARAT","kode_kabup":3214,"nama_kabup":"KABUPATEN PURWAKARTA","jenis_peny":"KUSTA","jumlah_kas":56,"satuan":"KASUS","tahun":2019,"latitude":-6.5517010000000004,"longitude":107.446541},"geometry":{"x":107.446541,"y":-6.5517010000000004}},{"attributes":{"FID":14,"id":130,"kode_provi":32,"nama_provi":"JAWA BARAT","kode_kabup":3215,"nama_kabup":"KABUPATEN KARAWANG","jenis_peny":"KUSTA","jumlah_kas":333,"satuan":"KASUS","tahun":2019,"latitude":-6.3017209999999997,"longitude":107.30529},"geometry":{"x":107.30529,"y":-6.3017209999999997}},{"attributes":{"FID":15,"id":139,"kode_provi":32,"nama_provi":"JAWA BARAT","kode_kabup":3216,"nama_kabup":"KABUPATEN BEKASI","jenis_peny":"KUSTA","jumlah_kas":207,"satuan":"KASUS","tahun":2019,"latitude":-6.3646140000000004,"longitude":107.17250900000001},"geometry":{"x":107.17250900000001,"y":-6.3646140000000004}},{"attributes":{"FID":16,"id":148,"kode_provi":32,"nama_provi":"JAWA BARAT","kode_kabup":3217,"nama_kabup":"KABUPATEN BANDUNG BARAT","jenis_peny":"KUSTA","jumlah_kas":5,"satuan":"KASUS","tahun":2019,"latitude":-6.8406510000000003,"longitude":107.51230200000001},"geometry":{"x":107.51230200000001,"y":-6.8406510000000003}},{"attributes":{"FID":17,"id":157,"kode_provi":32,"nama_provi":"JAWA BARAT","kode_kabup":3218,"nama_kabup":"KABUPATEN PANGANDARAN","jenis_peny":"KUSTA","jumlah_kas":8,"satuan":"KASUS","tahun":2019,"latitude":-7.701397,"longitude":108.495155},"geometry":{"x":108.495155,"y":-7.701397}},{"attributes":{"FID":18,"id":166,"kode_provi":32,"nama_provi":"JAWA BARAT","kode_kabup":3271,"nama_kabup":"KOTA BOGOR","jenis_peny":"KUSTA","jumlah_kas":12,"satuan":"KASUS","tahun":2019,"latitude":-6.5949460000000002,"longitude":106.79491299999999},"geometry":{"x":106.79491299999999,"y":-6.5949460000000002}},{"attributes":{"FID":19,"id":175,"kode_provi":32,"nama_provi":"JAWA BARAT","kode_kabup":3272,"nama_kabup":"KOTA SUKABUMI","jenis_peny":"KUSTA","jumlah_kas":3,"satuan":"KASUS","tahun":2019,"latitude":-6.9183659999999998,"longitude":106.931496},"geometry":{"x":106.931496,"y":-6.9183659999999998}},{"attributes":{"FID":20,"id":184,"kode_provi":32,"nama_provi":"JAWA BARAT","kode_kabup":3273,"nama_kabup":"KOTA BANDUNG","jenis_peny":"KUSTA","jumlah_kas":4,"satuan":"KASUS","tahun":2019,"latitude":-6.9107859999999999,"longitude":107.609757},"geometry":{"x":107.609757,"y":-6.9107859999999999}},{"attributes":{"FID":21,"id":193,"kode_provi":32,"nama_provi":"JAWA BARAT","kode_kabup":3274,"nama_kabup":"KOTA CIREBON","jenis_peny":"KUSTA","jumlah_kas":14,"satuan":"KASUS","tahun":2019,"latitude":-6.7070759999999998,"longitude":108.557818},"geometry":{"x":108.557818,"y":-6.7070759999999998}},{"attributes":{"FID":22,"id":202,"kode_provi":32,"nama_provi":"JAWA BARAT","kode_kabup":3275,"nama_kabup":"KOTA BEKASI","jenis_peny":"KUSTA","jumlah_kas":183,"satuan":"KASUS","tahun":2019,"latitude":-6.2362209999999996,"longitude":106.994293},"geometry":{"x":106.994293,"y":-6.2362209999999996}},{"attributes":{"FID":23,"id":211,"kode_provi":32,"nama_provi":"JAWA BARAT","kode_kabup":3276,"nama_kabup":"KOTA DEPOK","jenis_peny":"KUSTA","jumlah_kas":35,"satuan":"KASUS","tahun":2019,"latitude":-6.3944729999999996,"longitude":106.822692},"geometry":{"x":106.822692,"y":-6.3944729999999996}},{"attributes":{"FID":24,"id":220,"kode_provi":32,"nama_provi":"JAWA BARAT","kode_kabup":3277,"nama_kabup":"KOTA CIMAHI","jenis_peny":"KUSTA","jumlah_kas":1,"satuan":"KASUS","tahun":2019,"latitude":-6.8712099999999996,"longitude":107.555486},"geometry":{"x":107.555486,"y":-6.8712099999999996}},{"attributes":{"FID":25,"id":229,"kode_provi":32,"nama_provi":"JAWA BARAT","kode_kabup":3278,"nama_kabup":"KOTA TASIKMALAYA","jenis_peny":"KUSTA","jumlah_kas":4,"satuan":"KASUS","tahun":2019,"latitude":-7.3164360000000004,"longitude":108.19710000000001},"geometry":{"x":108.19710000000001,"y":-7.3164360000000004}},{"attributes":{"FID":26,"id":238,"kode_provi":32,"nama_provi":"JAWA BARAT","kode_kabup":3279,"nama_kabup":"KOTA BANJAR","jenis_peny":"KUSTA","jumlah_kas":1,"satuan":"KASUS","tahun":2019,"latitude":-7.3624869999999998,"longitude":108.55887},"geometry":{"x":108.55887,"y":-7.3624869999999998}}]}