{"type":"FeatureCollection","crs":{"type":"name","properties":{"name":"EPSG:4326"}},"features":[{"type":"Feature","id":0,"geometry":{"type":"Point","coordinates":[106.82496500000001,-6.479679]},"properties":{"FID":0,"id":3,"kode_provi":32,"nama_provi":"JAWA BARAT","kode_kabup":3201,"nama_kabup":"KABUPATEN BOGOR","jenis_peny":"PNEUMONIA","jumlah_kas":7375,"satuan":"KASUS","tahun":2019,"latitude":-6.479679,"longitude":106.82496500000001}},{"type":"Feature","id":1,"geometry":{"type":"Point","coordinates":[106.932576,-6.9157270000000004]},"properties":{"FID":1,"id":12,"kode_provi":32,"nama_provi":"JAWA BARAT","kode_kabup":3202,"nama_kabup":"KABUPATEN SUKABUMI","jenis_peny":"PNEUMONIA","jumlah_kas":9965,"satuan":"KASUS","tahun":2019,"latitude":-6.9157270000000004,"longitude":106.932576}},{"type":"Feature","id":2,"geometry":{"type":"Point","coordinates":[107.13954200000001,-6.8225579999999999]},"properties":{"FID":2,"id":21,"kode_provi":32,"nama_provi":"JAWA BARAT","kode_kabup":3203,"nama_kabup":"KABUPATEN CIANJUR","jenis_peny":"PNEUMONIA","jumlah_kas":5438,"satuan":"KASUS","tahun":2019,"latitude":-6.8225579999999999,"longitude":107.13954200000001}},{"type":"Feature","id":3,"geometry":{"type":"Point","coordinates":[107.528627,-7.0128510000000004]},"properties":{"FID":3,"id":30,"kode_provi":32,"nama_provi":"JAWA BARAT","kode_kabup":3204,"nama_kabup":"KABUPATEN BANDUNG","jenis_peny":"PNEUMONIA","jumlah_kas":11246,"satuan":"KASUS","tahun":2019,"latitude":-7.0128510000000004,"longitude":107.528627}},{"type":"Feature","id":4,"geometry":{"type":"Point","coordinates":[107.885592,-7.2029880000000004]},"properties":{"FID":4,"id":39,"kode_provi":32,"nama_provi":"JAWA BARAT","kode_kabup":3205,"nama_kabup":"KABUPATEN GARUT","jenis_peny":"PNEUMONIA","jumlah_kas":7671,"satuan":"KASUS","tahun":2019,"latitude":-7.2029880000000004,"longitude":107.885592}},{"type":"Feature","id":5,"geometry":{"type":"Point","coordinates":[108.112488,-7.3612120000000001]},"properties":{"FID":5,"id":48,"kode_provi":32,"nama_provi":"JAWA BARAT","kode_kabup":3206,"nama_kabup":"KABUPATEN TASIKMALAYA","jenis_peny":"PNEUMONIA","jumlah_kas":3069,"satuan":"KASUS","tahun":2019,"latitude":-7.3612120000000001,"longitude":108.112488}},{"type":"Feature","id":6,"geometry":{"type":"Point","coordinates":[108.3514,-7.3257880000000002]},"properties":{"FID":6,"id":57,"kode_provi":32,"nama_provi":"JAWA BARAT","kode_kabup":3207,"nama_kabup":"KABUPATEN CIAMIS","jenis_peny":"PNEUMONIA","jumlah_kas":5398,"satuan":"KASUS","tahun":2019,"latitude":-7.3257880000000002,"longitude":108.3514}},{"type":"Feature","id":7,"geometry":{"type":"Point","coordinates":[108.48298200000001,-6.9762329999999997]},"properties":{"FID":7,"id":66,"kode_provi":32,"nama_provi":"JAWA BARAT","kode_kabup":3208,"nama_kabup":"KABUPATEN KUNINGAN","jenis_peny":"PNEUMONIA","jumlah_kas":2295,"satuan":"KASUS","tahun":2019,"latitude":-6.9762329999999997,"longitude":108.48298200000001}},{"type":"Feature","id":8,"geometry":{"type":"Point","coordinates":[108.478858,-6.764507]},"properties":{"FID":8,"id":75,"kode_provi":32,"nama_provi":"JAWA BARAT","kode_kabup":3209,"nama_kabup":"KABUPATEN CIREBON","jenis_peny":"PNEUMONIA","jumlah_kas":11281,"satuan":"KASUS","tahun":2019,"latitude":-6.764507,"longitude":108.478858}},{"type":"Feature","id":9,"geometry":{"type":"Point","coordinates":[108.22787599999999,-6.8365309999999999]},"properties":{"FID":9,"id":84,"kode_provi":32,"nama_provi":"JAWA BARAT","kode_kabup":3210,"nama_kabup":"KABUPATEN MAJALENGKA","jenis_peny":"PNEUMONIA","jumlah_kas":4426,"satuan":"KASUS","tahun":2019,"latitude":-6.8365309999999999,"longitude":108.22787599999999}},{"type":"Feature","id":10,"geometry":{"type":"Point","coordinates":[107.920102,-6.8611259999999996]},"properties":{"FID":10,"id":93,"kode_provi":32,"nama_provi":"JAWA BARAT","kode_kabup":3211,"nama_kabup":"KABUPATEN SUMEDANG","jenis_peny":"PNEUMONIA","jumlah_kas":4348,"satuan":"KASUS","tahun":2019,"latitude":-6.8611259999999996,"longitude":107.920102}},{"type":"Feature","id":11,"geometry":{"type":"Point","coordinates":[108.322903,-6.3272339999999998]},"properties":{"FID":11,"id":102,"kode_provi":32,"nama_provi":"JAWA BARAT","kode_kabup":3212,"nama_kabup":"KABUPATEN INDRAMAYU","jenis_peny":"PNEUMONIA","jumlah_kas":8127,"satuan":"KASUS","tahun":2019,"latitude":-6.3272339999999998,"longitude":108.322903}},{"type":"Feature","id":12,"geometry":{"type":"Point","coordinates":[107.762495,-6.5715490000000001]},"properties":{"FID":12,"id":111,"kode_provi":32,"nama_provi":"JAWA BARAT","kode_kabup":3213,"nama_kabup":"KABUPATEN SUBANG","jenis_peny":"PNEUMONIA","jumlah_kas":6621,"satuan":"KASUS","tahun":2019,"latitude":-6.5715490000000001,"longitude":107.762495}},{"type":"Feature","id":13,"geometry":{"type":"Point","coordinates":[107.446541,-6.5517010000000004]},"properties":{"FID":13,"id":120,"kode_provi":32,"nama_provi":"JAWA BARAT","kode_kabup":3214,"nama_kabup":"KABUPATEN PURWAKARTA","jenis_peny":"PNEUMONIA","jumlah_kas":4266,"satuan":"KASUS","tahun":2019,"latitude":-6.5517010000000004,"longitude":107.446541}},{"type":"Feature","id":14,"geometry":{"type":"Point","coordinates":[107.30529,-6.3017209999999997]},"properties":{"FID":14,"id":129,"kode_provi":32,"nama_provi":"JAWA BARAT","kode_kabup":3215,"nama_kabup":"KABUPATEN KARAWANG","jenis_peny":"PNEUMONIA","jumlah_kas":7941,"satuan":"KASUS","tahun":2019,"latitude":-6.3017209999999997,"longitude":107.30529}},{"type":"Feature","id":15,"geometry":{"type":"Point","coordinates":[107.17250900000001,-6.3646140000000004]},"properties":{"FID":15,"id":138,"kode_provi":32,"nama_provi":"JAWA BARAT","kode_kabup":3216,"nama_kabup":"KABUPATEN BEKASI","jenis_peny":"PNEUMONIA","jumlah_kas":2348,"satuan":"KASUS","tahun":2019,"latitude":-6.3646140000000004,"longitude":107.17250900000001}},{"type":"Feature","id":16,"geometry":{"type":"Point","coordinates":[107.51230200000001,-6.8406510000000003]},"properties":{"FID":16,"id":147,"kode_provi":32,"nama_provi":"JAWA BARAT","kode_kabup":3217,"nama_kabup":"KABUPATEN BANDUNG BARAT","jenis_peny":"PNEUMONIA","jumlah_kas":2523,"satuan":"KASUS","tahun":2019,"latitude":-6.8406510000000003,"longitude":107.51230200000001}},{"type":"Feature","id":17,"geometry":{"type":"Point","coordinates":[108.495155,-7.701397]},"properties":{"FID":17,"id":156,"kode_provi":32,"nama_provi":"JAWA BARAT","kode_kabup":3218,"nama_kabup":"KABUPATEN PANGANDARAN","jenis_peny":"PNEUMONIA","jumlah_kas":1175,"satuan":"KASUS","tahun":2019,"latitude":-7.701397,"longitude":108.495155}},{"type":"Feature","id":18,"geometry":{"type":"Point","coordinates":[106.79491299999999,-6.5949460000000002]},"properties":{"FID":18,"id":165,"kode_provi":32,"nama_provi":"JAWA BARAT","kode_kabup":3271,"nama_kabup":"KOTA BOGOR","jenis_peny":"PNEUMONIA","jumlah_kas":5340,"satuan":"KASUS","tahun":2019,"latitude":-6.5949460000000002,"longitude":106.79491299999999}},{"type":"Feature","id":19,"geometry":{"type":"Point","coordinates":[106.931496,-6.9183659999999998]},"properties":{"FID":19,"id":174,"kode_provi":32,"nama_provi":"JAWA BARAT","kode_kabup":3272,"nama_kabup":"KOTA SUKABUMI","jenis_peny":"PNEUMONIA","jumlah_kas":1608,"satuan":"KASUS","tahun":2019,"latitude":-6.9183659999999998,"longitude":106.931496}},{"type":"Feature","id":20,"geometry":{"type":"Point","coordinates":[107.609757,-6.9107859999999999]},"properties":{"FID":20,"id":183,"kode_provi":32,"nama_provi":"JAWA BARAT","kode_kabup":3273,"nama_kabup":"KOTA BANDUNG","jenis_peny":"PNEUMONIA","jumlah_kas":10525,"satuan":"KASUS","tahun":2019,"latitude":-6.9107859999999999,"longitude":107.609757}},{"type":"Feature","id":21,"geometry":{"type":"Point","coordinates":[108.557818,-6.7070759999999998]},"properties":{"FID":21,"id":192,"kode_provi":32,"nama_provi":"JAWA BARAT","kode_kabup":3274,"nama_kabup":"KOTA CIREBON","jenis_peny":"PNEUMONIA","jumlah_kas":2359,"satuan":"KASUS","tahun":2019,"latitude":-6.7070759999999998,"longitude":108.557818}},{"type":"Feature","id":22,"geometry":{"type":"Point","coordinates":[106.994293,-6.2362209999999996]},"properties":{"FID":22,"id":201,"kode_provi":32,"nama_provi":"JAWA BARAT","kode_kabup":3275,"nama_kabup":"KOTA BEKASI","jenis_peny":"PNEUMONIA","jumlah_kas":3362,"satuan":"KASUS","tahun":2019,"latitude":-6.2362209999999996,"longitude":106.994293}},{"type":"Feature","id":23,"geometry":{"type":"Point","coordinates":[106.822692,-6.3944729999999996]},"properties":{"FID":23,"id":210,"kode_provi":32,"nama_provi":"JAWA BARAT","kode_kabup":3276,"nama_kabup":"KOTA DEPOK","jenis_peny":"PNEUMONIA","jumlah_kas":2408,"satuan":"KASUS","tahun":2019,"latitude":-6.3944729999999996,"longitude":106.822692}},{"type":"Feature","id":24,"geometry":{"type":"Point","coordinates":[107.555486,-6.8712099999999996]},"properties":{"FID":24,"id":219,"kode_provi":32,"nama_provi":"JAWA BARAT","kode_kabup":3277,"nama_kabup":"KOTA CIMAHI","jenis_peny":"PNEUMONIA","jumlah_kas":1361,"satuan":"KASUS","tahun":2019,"latitude":-6.8712099999999996,"longitude":107.555486}},{"type":"Feature","id":25,"geometry":{"type":"Point","coordinates":[108.19710000000001,-7.3164360000000004]},"properties":{"FID":25,"id":228,"kode_provi":32,"nama_provi":"JAWA BARAT","kode_kabup":3278,"nama_kabup":"KOTA TASIKMALAYA","jenis_peny":"PNEUMONIA","jumlah_kas":1535,"satuan":"KASUS","tahun":2019,"latitude":-7.3164360000000004,"longitude":108.19710000000001}},{"type":"Feature","id":26,"geometry":{"type":"Point","coordinates":[108.55887,-7.3624869999999998]},"properties":{"FID":26,"id":237,"kode_provi":32,"nama_provi":"JAWA BARAT","kode_kabup":3279,"nama_kabup":"KOTA BANJAR","jenis_peny":"PNEUMONIA","jumlah_kas":519,"satuan":"KASUS","tahun":2019,"latitude":-7.3624869999999998,"longitude":108.55887}}]}